"ID_POCO","CODIGO_POCO"
"1","P1"
"2","P2"
"3","P3"
"4","P4"
"5","P5"
"6","P6"
"7","P7"
"8","P8"
"9","P9"
"10","P10"
"11","P11"
"12","P12"
"13","P13"
"14","P14"
"15","P15"
"16","P16"
"17","P17"
"18","P18"
"19","P19"
"20","P20"
"21","P21"
"22","P22"
"23","P23"
"24","P24"
"25","P25"
"26","P26"
"27","P27"
"28","P28"
"29","P29"
"30","P30"
"31","P31"
"32","P32"
"33","P33"
"34","P34"
"35","P35"
"36","P36"
"37","P37"
"38","P38"
"39","P39"
"40","P40"
"41","P41"
"42","P42"
"43","P43"
"44","P44"
"45","P45"
"46","P46"
"47","P47"
"48","P48"
"49","P49"
"50","P50"
"51","P51"
"52","P52"
"53","P53"
"54","P54"
"55","P55"
"56","P56"
"57","P57"
"58","P58"
"59","P59"
"60","P60"
"61","P61"
"62","P62"
"63","P63"
"64","P64"
"65","P65"
"66","P66"
"67","P67"
"68","P68"
"69","P69"
"70","P70"
"71","P71"
"72","P72"
"73","P73"
"74","P74"
"75","P75"
"76","P76"
"77","P77"
"78","P78"
"79","P79"
"80","P80"
"81","P81"
"82","P82"
"83","P83"
"84","P84"
"85","P85"
"86","P86"
"87","P87"
"88","P88"
"89","P89"
"90","P90"
"91","P91"
"92","P92"
"93","P93"
"94","P94"
"95","P95"
"96","P96"
"97","P97"
"98","P98"
"99","P99"
"100","P100"
"101","P101"
"102","P102"
"103","P103"
"104","P104"
"105","P105"
"106","P106"
"107","P107"
"108","P108"
"109","P109"
"110","P110"
"111","P111"
"112","P112"
"113","P113"
"114","P114"
"115","P115"
"116","P116"
"117","P117"
"118","P118"
"119","P119"
"120","P120"
"121","P121"
"122","P122"
"123","P123"
"124","P124"
"125","P125"
"126","P126"
"127","P127"
"128","P128"
"129","P129"
"130","P130"
"131","P131"
"132","P132"
"133","P133"
"134","P134"
"135","P135"
"136","P136"
"137","P137"
"138","P138"
"139","P139"
"140","P140"
"141","P141"
"142","P142"
"143","P143"
"144","P144"
"145","P145"
"146","P146"
"147","P147"
"148","P148"
"149","P149"
"150","P150"
"151","P151"
"152","P152"
"153","P153"
"154","P154"
"155","P155"
"156","P156"
"157","P157"
"158","P158"
